image_id,label
200001.jpg,normal
200002.jpg,normal
200003.jpg,normal
200004.jpg,normal
200005.jpg,normal
200006.jpg,normal
200007.jpg,normal
200008.jpg,normal
200009.jpg,normal
200010.jpg,normal
200011.jpg,normal
200012.jpg,hispa
200013.jpg,normal
200014.jpg,normal
200015.jpg,normal
200016.jpg,normal
200017.jpg,normal
200018.jpg,normal
200019.jpg,normal
200020.jpg,normal
200021.jpg,normal
200022.jpg,normal
200023.jpg,bacterial_leaf_blight
200024.jpg,dead_heart
200025.jpg,normal
200026.jpg,normal
200027.jpg,normal
200028.jpg,normal
200029.jpg,dead_heart
200030.jpg,bacterial_leaf_streak
200031.jpg,normal
200032.jpg,normal
200033.jpg,normal
200034.jpg,brown_spot
200035.jpg,dead_heart
200036.jpg,normal
200037.jpg,normal
200038.jpg,normal
200039.jpg,dead_heart
200040.jpg,hispa
200041.jpg,normal
200042.jpg,brown_spot
200043.jpg,normal
200044.jpg,normal
200045.jpg,normal
200046.jpg,normal
200047.jpg,normal
200048.jpg,brown_spot
200049.jpg,normal
200050.jpg,normal
200051.jpg,brown_spot
200052.jpg,normal
200053.jpg,normal
200054.jpg,normal
200055.jpg,hispa
200056.jpg,normal
200057.jpg,normal
200058.jpg,normal
200059.jpg,normal
200060.jpg,normal
200061.jpg,dead_heart
200062.jpg,normal
200063.jpg,normal
200064.jpg,normal
200065.jpg,normal
200066.jpg,normal
200067.jpg,brown_spot
200068.jpg,normal
200069.jpg,normal
200070.jpg,dead_heart
200071.jpg,normal
200072.jpg,normal
200073.jpg,hispa
200074.jpg,normal
200075.jpg,dead_heart
200076.jpg,normal
200077.jpg,normal
200078.jpg,normal
200079.jpg,dead_heart
200080.jpg,normal
200081.jpg,normal
200082.jpg,dead_heart
200083.jpg,normal
200084.jpg,dead_heart
200085.jpg,normal
200086.jpg,normal
200087.jpg,normal
200088.jpg,normal
200089.jpg,normal
200090.jpg,normal
200091.jpg,normal
200092.jpg,hispa
200093.jpg,normal
200094.jpg,normal
200095.jpg,normal
200096.jpg,normal
200097.jpg,normal
200098.jpg,normal
200099.jpg,dead_heart
200100.jpg,normal
200101.jpg,normal
200102.jpg,normal
200103.jpg,brown_spot
200104.jpg,normal
200105.jpg,normal
200106.jpg,blast
200107.jpg,normal
200108.jpg,normal
200109.jpg,tungro
200110.jpg,brown_spot
200111.jpg,normal
200112.jpg,normal
200113.jpg,normal
200114.jpg,hispa
200115.jpg,normal
200116.jpg,normal
200117.jpg,normal
200118.jpg,normal
200119.jpg,brown_spot
200120.jpg,normal
200121.jpg,dead_heart
200122.jpg,normal
200123.jpg,dead_heart
200124.jpg,brown_spot
200125.jpg,normal
200126.jpg,normal
200127.jpg,normal
200128.jpg,normal
200129.jpg,normal
200130.jpg,normal
200131.jpg,brown_spot
200132.jpg,normal
200133.jpg,hispa
200134.jpg,normal
200135.jpg,normal
200136.jpg,normal
200137.jpg,normal
200138.jpg,brown_spot
200139.jpg,normal
200140.jpg,normal
200141.jpg,dead_heart
200142.jpg,normal
200143.jpg,normal
200144.jpg,normal
200145.jpg,normal
200146.jpg,normal
200147.jpg,normal
200148.jpg,normal
200149.jpg,dead_heart
200150.jpg,dead_heart
200151.jpg,normal
200152.jpg,normal
200153.jpg,normal
200154.jpg,normal
200155.jpg,normal
200156.jpg,normal
200157.jpg,brown_spot
200158.jpg,normal
200159.jpg,normal
200160.jpg,normal
200161.jpg,normal
200162.jpg,normal
200163.jpg,normal
200164.jpg,normal
200165.jpg,hispa
200166.jpg,dead_heart
200167.jpg,normal
200168.jpg,normal
200169.jpg,normal
200170.jpg,brown_spot
200171.jpg,normal
200172.jpg,blast
200173.jpg,normal
200174.jpg,hispa
200175.jpg,normal
200176.jpg,normal
200177.jpg,normal
200178.jpg,normal
200179.jpg,brown_spot
200180.jpg,normal
200181.jpg,bacterial_leaf_streak
200182.jpg,normal
200183.jpg,normal
200184.jpg,blast
200185.jpg,dead_heart
200186.jpg,normal
200187.jpg,hispa
200188.jpg,normal
200189.jpg,dead_heart
200190.jpg,brown_spot
200191.jpg,normal
200192.jpg,normal
200193.jpg,normal
200194.jpg,normal
200195.jpg,normal
200196.jpg,brown_spot
200197.jpg,normal
200198.jpg,normal
200199.jpg,normal
200200.jpg,normal
200201.jpg,tungro
200202.jpg,normal
200203.jpg,normal
200204.jpg,normal
200205.jpg,normal
200206.jpg,normal
200207.jpg,normal
200208.jpg,normal
200209.jpg,normal
200210.jpg,normal
200211.jpg,normal
200212.jpg,normal
200213.jpg,normal
200214.jpg,normal
200215.jpg,normal
200216.jpg,normal
200217.jpg,normal
200218.jpg,brown_spot
200219.jpg,brown_spot
200220.jpg,brown_spot
200221.jpg,dead_heart
200222.jpg,normal
200223.jpg,normal
200224.jpg,normal
200225.jpg,normal
200226.jpg,normal
200227.jpg,dead_heart
200228.jpg,normal
200229.jpg,normal
200230.jpg,normal
200231.jpg,brown_spot
200232.jpg,normal
200233.jpg,normal
200234.jpg,normal
200235.jpg,normal
200236.jpg,normal
200237.jpg,brown_spot
200238.jpg,normal
200239.jpg,hispa
200240.jpg,brown_spot
200241.jpg,normal
200242.jpg,normal
200243.jpg,normal
200244.jpg,normal
200245.jpg,normal
200246.jpg,normal
200247.jpg,normal
200248.jpg,normal
200249.jpg,bacterial_leaf_streak
200250.jpg,normal
200251.jpg,normal
200252.jpg,hispa
200253.jpg,normal
200254.jpg,dead_heart
200255.jpg,normal
200256.jpg,normal
200257.jpg,brown_spot
200258.jpg,hispa
200259.jpg,dead_heart
200260.jpg,blast
200261.jpg,brown_spot
200262.jpg,bacterial_leaf_streak
200263.jpg,hispa
200264.jpg,normal
200265.jpg,normal
200266.jpg,normal
200267.jpg,normal
200268.jpg,normal
200269.jpg,hispa
200270.jpg,normal
200271.jpg,tungro
200272.jpg,normal
200273.jpg,normal
200274.jpg,normal
200275.jpg,normal
200276.jpg,normal
200277.jpg,normal
200278.jpg,normal
200279.jpg,normal
200280.jpg,hispa
200281.jpg,brown_spot
200282.jpg,normal
200283.jpg,normal
200284.jpg,normal
200285.jpg,normal
200286.jpg,normal
200287.jpg,normal
200288.jpg,normal
200289.jpg,normal
200290.jpg,normal
200291.jpg,normal
200292.jpg,normal
200293.jpg,normal
200294.jpg,hispa
200295.jpg,normal
200296.jpg,normal
200297.jpg,normal
200298.jpg,normal
200299.jpg,normal
200300.jpg,normal
200301.jpg,normal
200302.jpg,normal
200303.jpg,normal
200304.jpg,normal
200305.jpg,dead_heart
200306.jpg,normal
200307.jpg,normal
200308.jpg,normal
200309.jpg,normal
200310.jpg,normal
200311.jpg,normal
200312.jpg,normal
200313.jpg,normal
200314.jpg,normal
200315.jpg,hispa
200316.jpg,normal
200317.jpg,hispa
200318.jpg,normal
200319.jpg,normal
200320.jpg,normal
200321.jpg,hispa
200322.jpg,normal
200323.jpg,brown_spot
200324.jpg,normal
200325.jpg,normal
200326.jpg,brown_spot
200327.jpg,normal
200328.jpg,normal
200329.jpg,normal
200330.jpg,normal
200331.jpg,normal
200332.jpg,normal
200333.jpg,normal
200334.jpg,brown_spot
200335.jpg,bacterial_panicle_blight
200336.jpg,normal
200337.jpg,normal
200338.jpg,normal
200339.jpg,dead_heart
200340.jpg,dead_heart
200341.jpg,normal
200342.jpg,brown_spot
200343.jpg,normal
200344.jpg,normal
200345.jpg,normal
200346.jpg,normal
200347.jpg,normal
200348.jpg,normal
200349.jpg,normal
200350.jpg,brown_spot
200351.jpg,hispa
200352.jpg,normal
200353.jpg,normal
200354.jpg,normal
200355.jpg,normal
200356.jpg,normal
200357.jpg,normal
200358.jpg,hispa
200359.jpg,normal
200360.jpg,normal
200361.jpg,blast
200362.jpg,normal
200363.jpg,normal
200364.jpg,normal
200365.jpg,normal
200366.jpg,brown_spot
200367.jpg,normal
200368.jpg,normal
200369.jpg,normal
200370.jpg,normal
200371.jpg,brown_spot
200372.jpg,normal
200373.jpg,normal
200374.jpg,normal
200375.jpg,normal
200376.jpg,brown_spot
200377.jpg,normal
200378.jpg,dead_heart
200379.jpg,brown_spot
200380.jpg,normal
200381.jpg,normal
200382.jpg,normal
200383.jpg,normal
200384.jpg,brown_spot
200385.jpg,normal
200386.jpg,normal
200387.jpg,normal
200388.jpg,normal
200389.jpg,normal
200390.jpg,normal
200391.jpg,normal
200392.jpg,normal
200393.jpg,normal
200394.jpg,normal
200395.jpg,hispa
200396.jpg,normal
200397.jpg,normal
200398.jpg,normal
200399.jpg,brown_spot
200400.jpg,normal
200401.jpg,normal
200402.jpg,normal
200403.jpg,hispa
200404.jpg,normal
200405.jpg,brown_spot
200406.jpg,normal
200407.jpg,hispa
200408.jpg,dead_heart
200409.jpg,brown_spot
200410.jpg,normal
200411.jpg,hispa
200412.jpg,normal
200413.jpg,normal
200414.jpg,normal
200415.jpg,normal
200416.jpg,normal
200417.jpg,brown_spot
200418.jpg,normal
200419.jpg,normal
200420.jpg,brown_spot
200421.jpg,brown_spot
200422.jpg,normal
200423.jpg,normal
200424.jpg,normal
200425.jpg,normal
200426.jpg,dead_heart
200427.jpg,brown_spot
200428.jpg,normal
200429.jpg,normal
200430.jpg,normal
200431.jpg,normal
200432.jpg,normal
200433.jpg,normal
200434.jpg,bacterial_leaf_blight
200435.jpg,normal
200436.jpg,normal
200437.jpg,normal
200438.jpg,normal
200439.jpg,normal
200440.jpg,normal
200441.jpg,normal
200442.jpg,normal
200443.jpg,normal
200444.jpg,normal
200445.jpg,normal
200446.jpg,normal
200447.jpg,normal
200448.jpg,normal
200449.jpg,brown_spot
200450.jpg,dead_heart
200451.jpg,normal
200452.jpg,blast
200453.jpg,normal
200454.jpg,brown_spot
200455.jpg,normal
200456.jpg,normal
200457.jpg,hispa
200458.jpg,brown_spot
200459.jpg,normal
200460.jpg,hispa
200461.jpg,brown_spot
200462.jpg,hispa
200463.jpg,brown_spot
200464.jpg,normal
200465.jpg,normal
200466.jpg,normal
200467.jpg,normal
200468.jpg,normal
200469.jpg,normal
200470.jpg,hispa
200471.jpg,normal
200472.jpg,normal
200473.jpg,normal
200474.jpg,normal
200475.jpg,normal
200476.jpg,normal
200477.jpg,normal
200478.jpg,normal
200479.jpg,normal
200480.jpg,normal
200481.jpg,normal
200482.jpg,brown_spot
200483.jpg,dead_heart
200484.jpg,normal
200485.jpg,normal
200486.jpg,hispa
200487.jpg,normal
200488.jpg,normal
200489.jpg,normal
200490.jpg,normal
200491.jpg,normal
200492.jpg,tungro
200493.jpg,dead_heart
200494.jpg,normal
200495.jpg,normal
200496.jpg,normal
200497.jpg,normal
200498.jpg,normal
200499.jpg,normal
200500.jpg,normal
200501.jpg,normal
200502.jpg,normal
200503.jpg,normal
200504.jpg,normal
200505.jpg,hispa
200506.jpg,normal
200507.jpg,normal
200508.jpg,dead_heart
200509.jpg,normal
200510.jpg,normal
200511.jpg,normal
200512.jpg,downy_mildew
200513.jpg,normal
200514.jpg,normal
200515.jpg,normal
200516.jpg,normal
200517.jpg,normal
200518.jpg,normal
200519.jpg,normal
200520.jpg,normal
200521.jpg,blast
200522.jpg,brown_spot
200523.jpg,hispa
200524.jpg,hispa
200525.jpg,normal
200526.jpg,bacterial_leaf_blight
200527.jpg,normal
200528.jpg,normal
200529.jpg,dead_heart
200530.jpg,normal
200531.jpg,normal
200532.jpg,normal
200533.jpg,brown_spot
200534.jpg,normal
200535.jpg,hispa
200536.jpg,normal
200537.jpg,normal
200538.jpg,normal
200539.jpg,normal
200540.jpg,normal
200541.jpg,normal
200542.jpg,normal
200543.jpg,dead_heart
200544.jpg,normal
200545.jpg,dead_heart
200546.jpg,normal
200547.jpg,brown_spot
200548.jpg,normal
200549.jpg,dead_heart
200550.jpg,normal
200551.jpg,normal
200552.jpg,normal
200553.jpg,normal
200554.jpg,normal
200555.jpg,normal
200556.jpg,normal
200557.jpg,normal
200558.jpg,normal
200559.jpg,normal
200560.jpg,normal
200561.jpg,normal
200562.jpg,normal
200563.jpg,normal
200564.jpg,normal
200565.jpg,brown_spot
200566.jpg,blast
200567.jpg,normal
200568.jpg,normal
200569.jpg,normal
200570.jpg,brown_spot
200571.jpg,normal
200572.jpg,normal
200573.jpg,bacterial_leaf_blight
200574.jpg,normal
200575.jpg,normal
200576.jpg,normal
200577.jpg,normal
200578.jpg,normal
200579.jpg,dead_heart
200580.jpg,normal
200581.jpg,brown_spot
200582.jpg,normal
200583.jpg,dead_heart
200584.jpg,normal
200585.jpg,normal
200586.jpg,dead_heart
200587.jpg,normal
200588.jpg,normal
200589.jpg,normal
200590.jpg,brown_spot
200591.jpg,normal
200592.jpg,normal
200593.jpg,hispa
200594.jpg,normal
200595.jpg,brown_spot
200596.jpg,normal
200597.jpg,normal
200598.jpg,dead_heart
200599.jpg,normal
200600.jpg,normal
200601.jpg,normal
200602.jpg,dead_heart
200603.jpg,normal
200604.jpg,normal
200605.jpg,normal
200606.jpg,normal
200607.jpg,normal
200608.jpg,normal
200609.jpg,normal
200610.jpg,normal
200611.jpg,normal
200612.jpg,normal
200613.jpg,normal
200614.jpg,normal
200615.jpg,normal
200616.jpg,brown_spot
200617.jpg,normal
200618.jpg,normal
200619.jpg,hispa
200620.jpg,normal
200621.jpg,normal
200622.jpg,normal
200623.jpg,normal
200624.jpg,normal
200625.jpg,hispa
200626.jpg,normal
200627.jpg,normal
200628.jpg,normal
200629.jpg,normal
200630.jpg,normal
200631.jpg,normal
200632.jpg,normal
200633.jpg,normal
200634.jpg,hispa
200635.jpg,blast
200636.jpg,normal
200637.jpg,normal
200638.jpg,brown_spot
200639.jpg,normal
200640.jpg,normal
200641.jpg,normal
200642.jpg,dead_heart
200643.jpg,normal
200644.jpg,normal
200645.jpg,normal
200646.jpg,normal
200647.jpg,normal
200648.jpg,hispa
200649.jpg,hispa
200650.jpg,normal
200651.jpg,normal
200652.jpg,hispa
200653.jpg,normal
200654.jpg,normal
200655.jpg,brown_spot
200656.jpg,normal
200657.jpg,brown_spot
200658.jpg,normal
200659.jpg,normal
200660.jpg,normal
200661.jpg,normal
200662.jpg,normal
200663.jpg,normal
200664.jpg,normal
200665.jpg,normal
200666.jpg,hispa
200667.jpg,normal
200668.jpg,normal
200669.jpg,tungro
200670.jpg,normal
200671.jpg,normal
200672.jpg,normal
200673.jpg,normal
200674.jpg,normal
200675.jpg,normal
200676.jpg,hispa
200677.jpg,normal
200678.jpg,hispa
200679.jpg,normal
200680.jpg,normal
200681.jpg,brown_spot
200682.jpg,normal
200683.jpg,normal
200684.jpg,normal
200685.jpg,normal
200686.jpg,normal
200687.jpg,normal
200688.jpg,normal
200689.jpg,normal
200690.jpg,normal
200691.jpg,dead_heart
200692.jpg,dead_heart
200693.jpg,normal
200694.jpg,normal
200695.jpg,normal
200696.jpg,normal
200697.jpg,normal
200698.jpg,normal
200699.jpg,normal
200700.jpg,normal
200701.jpg,normal
200702.jpg,normal
200703.jpg,normal
200704.jpg,normal
200705.jpg,normal
200706.jpg,dead_heart
200707.jpg,normal
200708.jpg,hispa
200709.jpg,brown_spot
200710.jpg,normal
200711.jpg,normal
200712.jpg,normal
200713.jpg,normal
200714.jpg,normal
200715.jpg,normal
200716.jpg,normal
200717.jpg,normal
200718.jpg,normal
200719.jpg,normal
200720.jpg,dead_heart
200721.jpg,normal
200722.jpg,normal
200723.jpg,normal
200724.jpg,dead_heart
200725.jpg,normal
200726.jpg,dead_heart
200727.jpg,normal
200728.jpg,normal
200729.jpg,brown_spot
200730.jpg,normal
200731.jpg,normal
200732.jpg,normal
200733.jpg,blast
200734.jpg,normal
200735.jpg,tungro
200736.jpg,normal
200737.jpg,normal
200738.jpg,normal
200739.jpg,brown_spot
200740.jpg,normal
200741.jpg,dead_heart
200742.jpg,normal
200743.jpg,brown_spot
200744.jpg,normal
200745.jpg,normal
200746.jpg,normal
200747.jpg,hispa
200748.jpg,normal
200749.jpg,normal
200750.jpg,normal
200751.jpg,brown_spot
200752.jpg,normal
200753.jpg,normal
200754.jpg,normal
200755.jpg,dead_heart
200756.jpg,normal
200757.jpg,normal
200758.jpg,dead_heart
200759.jpg,normal
200760.jpg,normal
200761.jpg,normal
200762.jpg,normal
200763.jpg,normal
200764.jpg,normal
200765.jpg,hispa
200766.jpg,normal
200767.jpg,brown_spot
200768.jpg,dead_heart
200769.jpg,normal
200770.jpg,normal
200771.jpg,normal
200772.jpg,normal
200773.jpg,blast
200774.jpg,normal
200775.jpg,normal
200776.jpg,normal
200777.jpg,brown_spot
200778.jpg,normal
200779.jpg,normal
200780.jpg,normal
200781.jpg,normal
200782.jpg,normal
200783.jpg,normal
200784.jpg,normal
200785.jpg,normal
200786.jpg,normal
200787.jpg,normal
200788.jpg,normal
200789.jpg,normal
200790.jpg,normal
200791.jpg,normal
200792.jpg,normal
200793.jpg,brown_spot
200794.jpg,brown_spot
200795.jpg,normal
200796.jpg,normal
200797.jpg,normal
200798.jpg,normal
200799.jpg,hispa
200800.jpg,normal
200801.jpg,hispa
200802.jpg,normal
200803.jpg,normal
200804.jpg,normal
200805.jpg,hispa
200806.jpg,normal
200807.jpg,blast
200808.jpg,dead_heart
200809.jpg,normal
200810.jpg,hispa
200811.jpg,normal
200812.jpg,normal
200813.jpg,normal
200814.jpg,normal
200815.jpg,normal
200816.jpg,normal
200817.jpg,normal
200818.jpg,normal
200819.jpg,dead_heart
200820.jpg,normal
200821.jpg,normal
200822.jpg,normal
200823.jpg,dead_heart
200824.jpg,normal
200825.jpg,tungro
200826.jpg,normal
200827.jpg,normal
200828.jpg,normal
200829.jpg,normal
200830.jpg,normal
200831.jpg,normal
200832.jpg,hispa
200833.jpg,blast
200834.jpg,normal
200835.jpg,normal
200836.jpg,hispa
200837.jpg,brown_spot
200838.jpg,normal
200839.jpg,brown_spot
200840.jpg,normal
200841.jpg,normal
200842.jpg,normal
200843.jpg,normal
200844.jpg,normal
200845.jpg,normal
200846.jpg,normal
200847.jpg,normal
200848.jpg,normal
200849.jpg,normal
200850.jpg,normal
200851.jpg,brown_spot
200852.jpg,normal
200853.jpg,dead_heart
200854.jpg,normal
200855.jpg,dead_heart
200856.jpg,brown_spot
200857.jpg,normal
200858.jpg,normal
200859.jpg,normal
200860.jpg,normal
200861.jpg,normal
200862.jpg,normal
200863.jpg,normal
200864.jpg,normal
200865.jpg,dead_heart
200866.jpg,brown_spot
200867.jpg,normal
200868.jpg,normal
200869.jpg,normal
200870.jpg,normal
200871.jpg,normal
200872.jpg,normal
200873.jpg,normal
200874.jpg,normal
200875.jpg,normal
200876.jpg,brown_spot
200877.jpg,normal
200878.jpg,dead_heart
200879.jpg,normal
200880.jpg,normal
200881.jpg,normal
200882.jpg,normal
200883.jpg,normal
200884.jpg,normal
200885.jpg,normal
200886.jpg,normal
200887.jpg,normal
200888.jpg,normal
200889.jpg,normal
200890.jpg,normal
200891.jpg,normal
200892.jpg,normal
200893.jpg,blast
200894.jpg,normal
200895.jpg,normal
200896.jpg,normal
200897.jpg,normal
200898.jpg,normal
200899.jpg,dead_heart
200900.jpg,normal
200901.jpg,normal
200902.jpg,normal
200903.jpg,normal
200904.jpg,normal
200905.jpg,normal
200906.jpg,normal
200907.jpg,normal
200908.jpg,normal
200909.jpg,brown_spot
200910.jpg,normal
200911.jpg,normal
200912.jpg,normal
200913.jpg,normal
200914.jpg,normal
200915.jpg,normal
200916.jpg,normal
200917.jpg,normal
200918.jpg,normal
200919.jpg,normal
200920.jpg,hispa
200921.jpg,normal
200922.jpg,brown_spot
200923.jpg,normal
200924.jpg,hispa
200925.jpg,normal
200926.jpg,normal
200927.jpg,normal
200928.jpg,normal
200929.jpg,normal
200930.jpg,normal
200931.jpg,dead_heart
200932.jpg,normal
200933.jpg,dead_heart
200934.jpg,brown_spot
200935.jpg,brown_spot
200936.jpg,normal
200937.jpg,normal
200938.jpg,normal
200939.jpg,blast
200940.jpg,hispa
200941.jpg,brown_spot
200942.jpg,hispa
200943.jpg,normal
200944.jpg,normal
200945.jpg,dead_heart
200946.jpg,normal
200947.jpg,normal
200948.jpg,brown_spot
200949.jpg,normal
200950.jpg,normal
200951.jpg,normal
200952.jpg,bacterial_leaf_streak
200953.jpg,brown_spot
200954.jpg,normal
200955.jpg,normal
200956.jpg,normal
200957.jpg,normal
200958.jpg,normal
200959.jpg,normal
200960.jpg,normal
200961.jpg,normal
200962.jpg,hispa
200963.jpg,normal
200964.jpg,brown_spot
200965.jpg,normal
200966.jpg,dead_heart
200967.jpg,normal
200968.jpg,normal
200969.jpg,normal
200970.jpg,normal
200971.jpg,dead_heart
200972.jpg,brown_spot
200973.jpg,normal
200974.jpg,hispa
200975.jpg,normal
200976.jpg,normal
200977.jpg,normal
200978.jpg,normal
200979.jpg,normal
200980.jpg,normal
200981.jpg,normal
200982.jpg,normal
200983.jpg,normal
200984.jpg,normal
200985.jpg,normal
200986.jpg,normal
200987.jpg,normal
200988.jpg,normal
200989.jpg,hispa
200990.jpg,normal
200991.jpg,normal
200992.jpg,normal
200993.jpg,dead_heart
200994.jpg,normal
200995.jpg,brown_spot
200996.jpg,normal
200997.jpg,dead_heart
200998.jpg,hispa
200999.jpg,normal
201000.jpg,dead_heart
201001.jpg,normal
201002.jpg,normal
201003.jpg,normal
201004.jpg,normal
201005.jpg,normal
201006.jpg,normal
201007.jpg,normal
201008.jpg,normal
201009.jpg,normal
201010.jpg,normal
201011.jpg,normal
201012.jpg,normal
201013.jpg,normal
201014.jpg,blast
201015.jpg,normal
201016.jpg,normal
201017.jpg,normal
201018.jpg,brown_spot
201019.jpg,normal
201020.jpg,normal
201021.jpg,normal
201022.jpg,dead_heart
201023.jpg,normal
201024.jpg,brown_spot
201025.jpg,normal
201026.jpg,normal
201027.jpg,normal
201028.jpg,normal
201029.jpg,normal
201030.jpg,normal
201031.jpg,normal
201032.jpg,normal
201033.jpg,normal
201034.jpg,bacterial_leaf_streak
201035.jpg,normal
201036.jpg,normal
201037.jpg,normal
201038.jpg,normal
201039.jpg,normal
201040.jpg,normal
201041.jpg,normal
201042.jpg,normal
201043.jpg,normal
201044.jpg,normal
201045.jpg,normal
201046.jpg,dead_heart
201047.jpg,normal
201048.jpg,hispa
201049.jpg,normal
201050.jpg,normal
201051.jpg,brown_spot
201052.jpg,normal
201053.jpg,blast
201054.jpg,normal
201055.jpg,hispa
201056.jpg,normal
201057.jpg,normal
201058.jpg,normal
201059.jpg,normal
201060.jpg,normal
201061.jpg,bacterial_leaf_streak
201062.jpg,normal
201063.jpg,normal
201064.jpg,normal
201065.jpg,normal
201066.jpg,dead_heart
201067.jpg,normal
201068.jpg,normal
201069.jpg,normal
201070.jpg,normal
201071.jpg,normal
201072.jpg,normal
201073.jpg,brown_spot
201074.jpg,normal
201075.jpg,normal
201076.jpg,normal
201077.jpg,normal
201078.jpg,normal
201079.jpg,normal
201080.jpg,normal
201081.jpg,normal
201082.jpg,normal
201083.jpg,normal
201084.jpg,hispa
201085.jpg,normal
201086.jpg,normal
201087.jpg,dead_heart
201088.jpg,normal
201089.jpg,normal
201090.jpg,normal
201091.jpg,normal
201092.jpg,blast
201093.jpg,normal
201094.jpg,normal
201095.jpg,hispa
201096.jpg,normal
201097.jpg,bacterial_leaf_blight
201098.jpg,normal
201099.jpg,normal
201100.jpg,normal
201101.jpg,normal
201102.jpg,dead_heart
201103.jpg,normal
201104.jpg,normal
201105.jpg,normal
201106.jpg,normal
201107.jpg,normal
201108.jpg,normal
201109.jpg,normal
201110.jpg,hispa
201111.jpg,normal
201112.jpg,normal
201113.jpg,normal
201114.jpg,normal
201115.jpg,normal
201116.jpg,normal
201117.jpg,normal
201118.jpg,normal
201119.jpg,normal
201120.jpg,normal
201121.jpg,normal
201122.jpg,normal
201123.jpg,normal
201124.jpg,normal
201125.jpg,normal
201126.jpg,normal
201127.jpg,normal
201128.jpg,normal
201129.jpg,normal
201130.jpg,normal
201131.jpg,normal
201132.jpg,normal
201133.jpg,brown_spot
201134.jpg,dead_heart
201135.jpg,normal
201136.jpg,dead_heart
201137.jpg,bacterial_leaf_blight
201138.jpg,brown_spot
201139.jpg,brown_spot
201140.jpg,normal
201141.jpg,normal
201142.jpg,normal
201143.jpg,normal
201144.jpg,normal
201145.jpg,brown_spot
201146.jpg,normal
201147.jpg,normal
201148.jpg,normal
201149.jpg,normal
201150.jpg,hispa
201151.jpg,brown_spot
201152.jpg,normal
201153.jpg,normal
201154.jpg,dead_heart
201155.jpg,normal
201156.jpg,normal
201157.jpg,normal
201158.jpg,normal
201159.jpg,normal
201160.jpg,hispa
201161.jpg,normal
201162.jpg,normal
201163.jpg,normal
201164.jpg,normal
201165.jpg,normal
201166.jpg,normal
201167.jpg,brown_spot
201168.jpg,tungro
201169.jpg,normal
201170.jpg,normal
201171.jpg,normal
201172.jpg,normal
201173.jpg,normal
201174.jpg,normal
201175.jpg,normal
201176.jpg,normal
201177.jpg,normal
201178.jpg,brown_spot
201179.jpg,normal
201180.jpg,normal
201181.jpg,normal
201182.jpg,normal
201183.jpg,normal
201184.jpg,normal
201185.jpg,normal
201186.jpg,normal
201187.jpg,normal
201188.jpg,normal
201189.jpg,normal
201190.jpg,normal
201191.jpg,normal
201192.jpg,tungro
201193.jpg,hispa
201194.jpg,normal
201195.jpg,normal
201196.jpg,normal
201197.jpg,normal
201198.jpg,normal
201199.jpg,brown_spot
201200.jpg,hispa
201201.jpg,normal
201202.jpg,normal
201203.jpg,normal
201204.jpg,normal
201205.jpg,normal
201206.jpg,normal
201207.jpg,dead_heart
201208.jpg,normal
201209.jpg,normal
201210.jpg,normal
201211.jpg,brown_spot
201212.jpg,normal
201213.jpg,normal
201214.jpg,normal
201215.jpg,normal
201216.jpg,normal
201217.jpg,normal
201218.jpg,normal
201219.jpg,normal
201220.jpg,dead_heart
201221.jpg,brown_spot
201222.jpg,hispa
201223.jpg,dead_heart
201224.jpg,normal
201225.jpg,normal
201226.jpg,normal
201227.jpg,hispa
201228.jpg,normal
201229.jpg,normal
201230.jpg,brown_spot
201231.jpg,normal
201232.jpg,normal
201233.jpg,normal
201234.jpg,normal
201235.jpg,normal
201236.jpg,hispa
201237.jpg,brown_spot
201238.jpg,normal
201239.jpg,normal
201240.jpg,brown_spot
201241.jpg,normal
201242.jpg,normal
201243.jpg,normal
201244.jpg,normal
201245.jpg,normal
201246.jpg,normal
201247.jpg,normal
201248.jpg,normal
201249.jpg,normal
201250.jpg,normal
201251.jpg,normal
201252.jpg,normal
201253.jpg,dead_heart
201254.jpg,normal
201255.jpg,hispa
201256.jpg,brown_spot
201257.jpg,normal
201258.jpg,normal
201259.jpg,normal
201260.jpg,normal
201261.jpg,normal
201262.jpg,normal
201263.jpg,normal
201264.jpg,normal
201265.jpg,normal
201266.jpg,normal
201267.jpg,normal
201268.jpg,normal
201269.jpg,normal
201270.jpg,normal
201271.jpg,normal
201272.jpg,normal
201273.jpg,normal
201274.jpg,normal
201275.jpg,normal
201276.jpg,brown_spot
201277.jpg,normal
201278.jpg,dead_heart
201279.jpg,normal
201280.jpg,normal
201281.jpg,normal
201282.jpg,dead_heart
201283.jpg,dead_heart
201284.jpg,normal
201285.jpg,hispa
201286.jpg,hispa
201287.jpg,normal
201288.jpg,normal
201289.jpg,normal
201290.jpg,dead_heart
201291.jpg,normal
201292.jpg,normal
201293.jpg,normal
201294.jpg,normal
201295.jpg,dead_heart
201296.jpg,hispa
201297.jpg,bacterial_leaf_streak
201298.jpg,normal
201299.jpg,normal
201300.jpg,normal
201301.jpg,normal
201302.jpg,normal
201303.jpg,normal
201304.jpg,normal
201305.jpg,brown_spot
201306.jpg,normal
201307.jpg,normal
201308.jpg,brown_spot
201309.jpg,hispa
201310.jpg,normal
201311.jpg,normal
201312.jpg,normal
201313.jpg,normal
201314.jpg,brown_spot
201315.jpg,normal
201316.jpg,normal
201317.jpg,normal
201318.jpg,normal
201319.jpg,dead_heart
201320.jpg,normal
201321.jpg,hispa
201322.jpg,normal
201323.jpg,blast
201324.jpg,dead_heart
201325.jpg,normal
201326.jpg,normal
201327.jpg,dead_heart
201328.jpg,normal
201329.jpg,brown_spot
201330.jpg,normal
201331.jpg,normal
201332.jpg,normal
201333.jpg,normal
201334.jpg,normal
201335.jpg,normal
201336.jpg,normal
201337.jpg,hispa
201338.jpg,hispa
201339.jpg,normal
201340.jpg,normal
201341.jpg,normal
201342.jpg,normal
201343.jpg,hispa
201344.jpg,normal
201345.jpg,normal
201346.jpg,blast
201347.jpg,normal
201348.jpg,normal
201349.jpg,normal
201350.jpg,normal
201351.jpg,normal
201352.jpg,normal
201353.jpg,blast
201354.jpg,normal
201355.jpg,normal
201356.jpg,normal
201357.jpg,bacterial_panicle_blight
201358.jpg,hispa
201359.jpg,normal
201360.jpg,normal
201361.jpg,normal
201362.jpg,brown_spot
201363.jpg,brown_spot
201364.jpg,normal
201365.jpg,hispa
201366.jpg,normal
201367.jpg,normal
201368.jpg,normal
201369.jpg,normal
201370.jpg,brown_spot
201371.jpg,normal
201372.jpg,normal
201373.jpg,normal
201374.jpg,normal
201375.jpg,normal
201376.jpg,normal
201377.jpg,normal
201378.jpg,brown_spot
201379.jpg,normal
201380.jpg,normal
201381.jpg,tungro
201382.jpg,normal
201383.jpg,dead_heart
201384.jpg,normal
201385.jpg,tungro
201386.jpg,normal
201387.jpg,normal
201388.jpg,hispa
201389.jpg,normal
201390.jpg,normal
201391.jpg,normal
201392.jpg,normal
201393.jpg,normal
201394.jpg,dead_heart
201395.jpg,normal
201396.jpg,normal
201397.jpg,normal
201398.jpg,normal
201399.jpg,normal
201400.jpg,normal
201401.jpg,normal
201402.jpg,brown_spot
201403.jpg,normal
201404.jpg,normal
201405.jpg,normal
201406.jpg,normal
201407.jpg,brown_spot
201408.jpg,brown_spot
201409.jpg,normal
201410.jpg,normal
201411.jpg,dead_heart
201412.jpg,normal
201413.jpg,normal
201414.jpg,bacterial_leaf_blight
201415.jpg,hispa
201416.jpg,normal
201417.jpg,normal
201418.jpg,normal
201419.jpg,normal
201420.jpg,dead_heart
201421.jpg,normal
201422.jpg,normal
201423.jpg,normal
201424.jpg,normal
201425.jpg,brown_spot
201426.jpg,brown_spot
201427.jpg,normal
201428.jpg,normal
201429.jpg,hispa
201430.jpg,normal
201431.jpg,normal
201432.jpg,normal
201433.jpg,normal
201434.jpg,normal
201435.jpg,normal
201436.jpg,normal
201437.jpg,dead_heart
201438.jpg,hispa
201439.jpg,normal
201440.jpg,brown_spot
201441.jpg,normal
201442.jpg,normal
201443.jpg,bacterial_leaf_blight
201444.jpg,hispa
201445.jpg,normal
201446.jpg,normal
201447.jpg,normal
201448.jpg,normal
201449.jpg,normal
201450.jpg,normal
201451.jpg,dead_heart
201452.jpg,brown_spot
201453.jpg,normal
201454.jpg,brown_spot
201455.jpg,dead_heart
201456.jpg,brown_spot
201457.jpg,brown_spot
201458.jpg,normal
201459.jpg,normal
201460.jpg,normal
201461.jpg,dead_heart
201462.jpg,normal
201463.jpg,normal
201464.jpg,normal
201465.jpg,normal
201466.jpg,normal
201467.jpg,brown_spot
201468.jpg,normal
201469.jpg,normal
201470.jpg,brown_spot
201471.jpg,normal
201472.jpg,normal
201473.jpg,normal
201474.jpg,normal
201475.jpg,normal
201476.jpg,normal
201477.jpg,tungro
201478.jpg,normal
201479.jpg,dead_heart
201480.jpg,normal
201481.jpg,normal
201482.jpg,normal
201483.jpg,downy_mildew
201484.jpg,normal
201485.jpg,normal
201486.jpg,normal
201487.jpg,normal
201488.jpg,normal
201489.jpg,normal
201490.jpg,normal
201491.jpg,normal
201492.jpg,normal
201493.jpg,tungro
201494.jpg,normal
201495.jpg,downy_mildew
201496.jpg,normal
201497.jpg,normal
201498.jpg,normal
201499.jpg,normal
201500.jpg,normal
201501.jpg,normal
201502.jpg,normal
201503.jpg,hispa
201504.jpg,normal
201505.jpg,normal
201506.jpg,normal
201507.jpg,normal
201508.jpg,normal
201509.jpg,normal
201510.jpg,brown_spot
201511.jpg,normal
201512.jpg,normal
201513.jpg,normal
201514.jpg,normal
201515.jpg,brown_spot
201516.jpg,normal
201517.jpg,blast
201518.jpg,normal
201519.jpg,blast
201520.jpg,normal
201521.jpg,normal
201522.jpg,normal
201523.jpg,normal
201524.jpg,normal
201525.jpg,normal
201526.jpg,normal
201527.jpg,hispa
201528.jpg,normal
201529.jpg,normal
201530.jpg,normal
201531.jpg,hispa
201532.jpg,normal
201533.jpg,normal
201534.jpg,normal
201535.jpg,brown_spot
201536.jpg,blast
201537.jpg,normal
201538.jpg,brown_spot
201539.jpg,bacterial_leaf_streak
201540.jpg,normal
201541.jpg,normal
201542.jpg,normal
201543.jpg,normal
201544.jpg,normal
201545.jpg,normal
201546.jpg,brown_spot
201547.jpg,normal
201548.jpg,normal
201549.jpg,normal
201550.jpg,normal
201551.jpg,normal
201552.jpg,brown_spot
201553.jpg,normal
201554.jpg,normal
201555.jpg,brown_spot
201556.jpg,normal
201557.jpg,normal
201558.jpg,normal
201559.jpg,normal
201560.jpg,normal
201561.jpg,normal
201562.jpg,bacterial_leaf_blight
201563.jpg,normal
201564.jpg,brown_spot
201565.jpg,normal
201566.jpg,normal
201567.jpg,dead_heart
201568.jpg,normal
201569.jpg,normal
201570.jpg,normal
201571.jpg,normal
201572.jpg,normal
201573.jpg,normal
201574.jpg,normal
201575.jpg,brown_spot
201576.jpg,normal
201577.jpg,normal
201578.jpg,normal
201579.jpg,normal
201580.jpg,normal
201581.jpg,dead_heart
201582.jpg,normal
201583.jpg,normal
201584.jpg,normal
201585.jpg,dead_heart
201586.jpg,normal
201587.jpg,brown_spot
201588.jpg,normal
201589.jpg,hispa
201590.jpg,normal
201591.jpg,normal
201592.jpg,normal
201593.jpg,normal
201594.jpg,brown_spot
201595.jpg,brown_spot
201596.jpg,normal
201597.jpg,hispa
201598.jpg,hispa
201599.jpg,dead_heart
201600.jpg,dead_heart
201601.jpg,normal
201602.jpg,normal
201603.jpg,normal
201604.jpg,normal
201605.jpg,tungro
201606.jpg,brown_spot
201607.jpg,brown_spot
201608.jpg,normal
201609.jpg,tungro
201610.jpg,normal
201611.jpg,normal
201612.jpg,normal
201613.jpg,normal
201614.jpg,hispa
201615.jpg,hispa
201616.jpg,brown_spot
201617.jpg,normal
201618.jpg,normal
201619.jpg,normal
201620.jpg,normal
201621.jpg,normal
201622.jpg,normal
201623.jpg,bacterial_leaf_streak
201624.jpg,normal
201625.jpg,normal
201626.jpg,normal
201627.jpg,normal
201628.jpg,normal
201629.jpg,dead_heart
201630.jpg,hispa
201631.jpg,normal
201632.jpg,normal
201633.jpg,normal
201634.jpg,normal
201635.jpg,tungro
201636.jpg,normal
201637.jpg,normal
201638.jpg,dead_heart
201639.jpg,normal
201640.jpg,normal
201641.jpg,normal
201642.jpg,normal
201643.jpg,normal
201644.jpg,normal
201645.jpg,normal
201646.jpg,normal
201647.jpg,normal
201648.jpg,normal
201649.jpg,hispa
201650.jpg,hispa
201651.jpg,bacterial_leaf_streak
201652.jpg,normal
201653.jpg,brown_spot
201654.jpg,normal
201655.jpg,normal
201656.jpg,normal
201657.jpg,normal
201658.jpg,normal
201659.jpg,normal
201660.jpg,normal
201661.jpg,normal
201662.jpg,normal
201663.jpg,normal
201664.jpg,normal
201665.jpg,hispa
201666.jpg,brown_spot
201667.jpg,normal
201668.jpg,normal
201669.jpg,normal
201670.jpg,normal
201671.jpg,normal
201672.jpg,normal
201673.jpg,normal
201674.jpg,normal
201675.jpg,normal
201676.jpg,normal
201677.jpg,normal
201678.jpg,normal
201679.jpg,normal
201680.jpg,brown_spot
201681.jpg,normal
201682.jpg,normal
201683.jpg,normal
201684.jpg,normal
201685.jpg,normal
201686.jpg,brown_spot
201687.jpg,normal
201688.jpg,normal
201689.jpg,hispa
201690.jpg,normal
201691.jpg,normal
201692.jpg,normal
201693.jpg,normal
201694.jpg,normal
201695.jpg,normal
201696.jpg,normal
201697.jpg,brown_spot
201698.jpg,dead_heart
201699.jpg,normal
201700.jpg,normal
201701.jpg,normal
201702.jpg,brown_spot
201703.jpg,normal
201704.jpg,normal
201705.jpg,normal
201706.jpg,normal
201707.jpg,normal
201708.jpg,normal
201709.jpg,normal
201710.jpg,normal
201711.jpg,normal
201712.jpg,normal
201713.jpg,normal
201714.jpg,normal
201715.jpg,normal
201716.jpg,normal
201717.jpg,normal
201718.jpg,normal
201719.jpg,normal
201720.jpg,normal
201721.jpg,normal
201722.jpg,normal
201723.jpg,tungro
201724.jpg,hispa
201725.jpg,normal
201726.jpg,normal
201727.jpg,blast
201728.jpg,normal
201729.jpg,normal
201730.jpg,hispa
201731.jpg,normal
201732.jpg,normal
201733.jpg,normal
201734.jpg,normal
201735.jpg,normal
201736.jpg,brown_spot
201737.jpg,normal
201738.jpg,normal
201739.jpg,dead_heart
201740.jpg,normal
201741.jpg,dead_heart
201742.jpg,normal
201743.jpg,hispa
201744.jpg,normal
201745.jpg,normal
201746.jpg,hispa
201747.jpg,normal
201748.jpg,normal
201749.jpg,normal
201750.jpg,normal
201751.jpg,normal
201752.jpg,normal
201753.jpg,normal
201754.jpg,normal
201755.jpg,normal
201756.jpg,bacterial_leaf_blight
201757.jpg,dead_heart
201758.jpg,normal
201759.jpg,normal
201760.jpg,normal
201761.jpg,normal
201762.jpg,normal
201763.jpg,normal
201764.jpg,hispa
201765.jpg,normal
201766.jpg,normal
201767.jpg,normal
201768.jpg,normal
201769.jpg,normal
201770.jpg,normal
201771.jpg,hispa
201772.jpg,normal
201773.jpg,normal
201774.jpg,normal
201775.jpg,bacterial_leaf_streak
201776.jpg,dead_heart
201777.jpg,brown_spot
201778.jpg,normal
201779.jpg,normal
201780.jpg,normal
201781.jpg,normal
201782.jpg,normal
201783.jpg,normal
201784.jpg,normal
201785.jpg,normal
201786.jpg,normal
201787.jpg,normal
201788.jpg,normal
201789.jpg,blast
201790.jpg,normal
201791.jpg,normal
201792.jpg,hispa
201793.jpg,dead_heart
201794.jpg,normal
201795.jpg,normal
201796.jpg,normal
201797.jpg,normal
201798.jpg,normal
201799.jpg,normal
201800.jpg,normal
201801.jpg,normal
201802.jpg,normal
201803.jpg,normal
201804.jpg,brown_spot
201805.jpg,normal
201806.jpg,hispa
201807.jpg,normal
201808.jpg,dead_heart
201809.jpg,normal
201810.jpg,normal
201811.jpg,normal
201812.jpg,dead_heart
201813.jpg,normal
201814.jpg,normal
201815.jpg,normal
201816.jpg,brown_spot
201817.jpg,normal
201818.jpg,normal
201819.jpg,normal
201820.jpg,normal
201821.jpg,normal
201822.jpg,normal
201823.jpg,normal
201824.jpg,normal
201825.jpg,normal
201826.jpg,normal
201827.jpg,normal
201828.jpg,brown_spot
201829.jpg,normal
201830.jpg,normal
201831.jpg,normal
201832.jpg,dead_heart
201833.jpg,normal
201834.jpg,normal
201835.jpg,blast
201836.jpg,normal
201837.jpg,dead_heart
201838.jpg,normal
201839.jpg,normal
201840.jpg,brown_spot
201841.jpg,hispa
201842.jpg,normal
201843.jpg,normal
201844.jpg,normal
201845.jpg,normal
201846.jpg,normal
201847.jpg,normal
201848.jpg,normal
201849.jpg,normal
201850.jpg,normal
201851.jpg,normal
201852.jpg,normal
201853.jpg,normal
201854.jpg,normal
201855.jpg,normal
201856.jpg,dead_heart
201857.jpg,normal
201858.jpg,normal
201859.jpg,normal
201860.jpg,hispa
201861.jpg,normal
201862.jpg,dead_heart
201863.jpg,normal
201864.jpg,normal
201865.jpg,normal
201866.jpg,normal
201867.jpg,normal
201868.jpg,brown_spot
201869.jpg,normal
201870.jpg,normal
201871.jpg,normal
201872.jpg,normal
201873.jpg,normal
201874.jpg,normal
201875.jpg,normal
201876.jpg,brown_spot
201877.jpg,normal
201878.jpg,normal
201879.jpg,normal
201880.jpg,normal
201881.jpg,brown_spot
201882.jpg,normal
201883.jpg,normal
201884.jpg,normal
201885.jpg,normal
201886.jpg,normal
201887.jpg,normal
201888.jpg,normal
201889.jpg,normal
201890.jpg,hispa
201891.jpg,hispa
201892.jpg,normal
201893.jpg,normal
201894.jpg,normal
201895.jpg,normal
201896.jpg,brown_spot
201897.jpg,normal
201898.jpg,normal
201899.jpg,normal
201900.jpg,dead_heart
201901.jpg,normal
201902.jpg,hispa
201903.jpg,normal
201904.jpg,normal
201905.jpg,normal
201906.jpg,dead_heart
201907.jpg,bacterial_leaf_streak
201908.jpg,normal
201909.jpg,normal
201910.jpg,normal
201911.jpg,blast
201912.jpg,dead_heart
201913.jpg,normal
201914.jpg,normal
201915.jpg,normal
201916.jpg,normal
201917.jpg,normal
201918.jpg,normal
201919.jpg,normal
201920.jpg,normal
201921.jpg,blast
201922.jpg,normal
201923.jpg,normal
201924.jpg,normal
201925.jpg,normal
201926.jpg,normal
201927.jpg,normal
201928.jpg,normal
201929.jpg,normal
201930.jpg,normal
201931.jpg,normal
201932.jpg,normal
201933.jpg,brown_spot
201934.jpg,normal
201935.jpg,normal
201936.jpg,normal
201937.jpg,normal
201938.jpg,normal
201939.jpg,normal
201940.jpg,normal
201941.jpg,normal
201942.jpg,hispa
201943.jpg,brown_spot
201944.jpg,hispa
201945.jpg,normal
201946.jpg,normal
201947.jpg,normal
201948.jpg,brown_spot
201949.jpg,normal
201950.jpg,dead_heart
201951.jpg,normal
201952.jpg,normal
201953.jpg,normal
201954.jpg,brown_spot
201955.jpg,normal
201956.jpg,normal
201957.jpg,normal
201958.jpg,normal
201959.jpg,normal
201960.jpg,normal
201961.jpg,hispa
201962.jpg,normal
201963.jpg,normal
201964.jpg,normal
201965.jpg,normal
201966.jpg,brown_spot
201967.jpg,normal
201968.jpg,dead_heart
201969.jpg,normal
201970.jpg,normal
201971.jpg,normal
201972.jpg,normal
201973.jpg,normal
201974.jpg,normal
201975.jpg,normal
201976.jpg,normal
201977.jpg,normal
201978.jpg,dead_heart
201979.jpg,normal
201980.jpg,normal
201981.jpg,brown_spot
201982.jpg,normal
201983.jpg,normal
201984.jpg,normal
201985.jpg,normal
201986.jpg,normal
201987.jpg,normal
201988.jpg,normal
201989.jpg,normal
201990.jpg,brown_spot
201991.jpg,brown_spot
201992.jpg,normal
201993.jpg,normal
201994.jpg,hispa
201995.jpg,brown_spot
201996.jpg,normal
201997.jpg,normal
201998.jpg,normal
201999.jpg,normal
202000.jpg,normal
202001.jpg,normal
202002.jpg,normal
202003.jpg,normal
202004.jpg,normal
202005.jpg,normal
202006.jpg,normal
202007.jpg,normal
202008.jpg,normal
202009.jpg,normal
202010.jpg,blast
202011.jpg,normal
202012.jpg,normal
202013.jpg,hispa
202014.jpg,dead_heart
202015.jpg,normal
202016.jpg,bacterial_panicle_blight
202017.jpg,normal
202018.jpg,normal
202019.jpg,normal
202020.jpg,normal
202021.jpg,normal
202022.jpg,normal
202023.jpg,normal
202024.jpg,normal
202025.jpg,normal
202026.jpg,normal
202027.jpg,normal
202028.jpg,dead_heart
202029.jpg,blast
202030.jpg,normal
202031.jpg,hispa
202032.jpg,normal
202033.jpg,normal
202034.jpg,normal
202035.jpg,normal
202036.jpg,normal
202037.jpg,normal
202038.jpg,normal
202039.jpg,normal
202040.jpg,normal
202041.jpg,dead_heart
202042.jpg,normal
202043.jpg,normal
202044.jpg,dead_heart
202045.jpg,normal
202046.jpg,normal
202047.jpg,normal
202048.jpg,normal
202049.jpg,hispa
202050.jpg,normal
202051.jpg,normal
202052.jpg,brown_spot
202053.jpg,hispa
202054.jpg,normal
202055.jpg,normal
202056.jpg,normal
202057.jpg,normal
202058.jpg,blast
202059.jpg,normal
202060.jpg,dead_heart
202061.jpg,normal
202062.jpg,normal
202063.jpg,normal
202064.jpg,normal
202065.jpg,normal
202066.jpg,tungro
202067.jpg,brown_spot
202068.jpg,normal
202069.jpg,bacterial_leaf_blight
202070.jpg,normal
202071.jpg,brown_spot
202072.jpg,normal
202073.jpg,normal
202074.jpg,normal
202075.jpg,normal
202076.jpg,normal
202077.jpg,normal
202078.jpg,normal
202079.jpg,normal
202080.jpg,normal
202081.jpg,normal
202082.jpg,normal
202083.jpg,normal
202084.jpg,normal
202085.jpg,normal
202086.jpg,normal
202087.jpg,normal
202088.jpg,normal
202089.jpg,normal
202090.jpg,normal
202091.jpg,normal
202092.jpg,brown_spot
202093.jpg,normal
202094.jpg,normal
202095.jpg,normal
202096.jpg,brown_spot
202097.jpg,normal
202098.jpg,normal
202099.jpg,normal
202100.jpg,normal
202101.jpg,normal
202102.jpg,normal
202103.jpg,normal
202104.jpg,normal
202105.jpg,normal
202106.jpg,normal
202107.jpg,brown_spot
202108.jpg,normal
202109.jpg,normal
202110.jpg,normal
202111.jpg,normal
202112.jpg,normal
202113.jpg,normal
202114.jpg,normal
202115.jpg,normal
202116.jpg,normal
202117.jpg,normal
202118.jpg,brown_spot
202119.jpg,normal
202120.jpg,normal
202121.jpg,normal
202122.jpg,normal
202123.jpg,normal
202124.jpg,normal
202125.jpg,normal
202126.jpg,dead_heart
202127.jpg,normal
202128.jpg,normal
202129.jpg,normal
202130.jpg,normal
202131.jpg,normal
202132.jpg,brown_spot
202133.jpg,hispa
202134.jpg,normal
202135.jpg,tungro
202136.jpg,brown_spot
202137.jpg,tungro
202138.jpg,normal
202139.jpg,normal
202140.jpg,normal
202141.jpg,normal
202142.jpg,normal
202143.jpg,bacterial_leaf_streak
202144.jpg,normal
202145.jpg,normal
202146.jpg,brown_spot
202147.jpg,normal
202148.jpg,normal
202149.jpg,normal
202150.jpg,normal
202151.jpg,normal
202152.jpg,normal
202153.jpg,normal
202154.jpg,dead_heart
202155.jpg,dead_heart
202156.jpg,normal
202157.jpg,normal
202158.jpg,hispa
202159.jpg,normal
202160.jpg,normal
202161.jpg,normal
202162.jpg,normal
202163.jpg,normal
202164.jpg,brown_spot
202165.jpg,normal
202166.jpg,normal
202167.jpg,normal
202168.jpg,normal
202169.jpg,brown_spot
202170.jpg,normal
202171.jpg,normal
202172.jpg,normal
202173.jpg,normal
202174.jpg,normal
202175.jpg,normal
202176.jpg,brown_spot
202177.jpg,normal
202178.jpg,normal
202179.jpg,normal
202180.jpg,normal
202181.jpg,normal
202182.jpg,normal
202183.jpg,normal
202184.jpg,normal
202185.jpg,normal
202186.jpg,normal
202187.jpg,hispa
202188.jpg,normal
202189.jpg,brown_spot
202190.jpg,normal
202191.jpg,normal
202192.jpg,normal
202193.jpg,normal
202194.jpg,normal
202195.jpg,dead_heart
202196.jpg,brown_spot
202197.jpg,normal
202198.jpg,brown_spot
202199.jpg,normal
202200.jpg,normal
202201.jpg,normal
202202.jpg,brown_spot
202203.jpg,normal
202204.jpg,normal
202205.jpg,normal
202206.jpg,normal
202207.jpg,normal
202208.jpg,normal
202209.jpg,normal
202210.jpg,normal
202211.jpg,normal
202212.jpg,normal
202213.jpg,downy_mildew
202214.jpg,bacterial_leaf_blight
202215.jpg,hispa
202216.jpg,brown_spot
202217.jpg,normal
202218.jpg,normal
202219.jpg,normal
202220.jpg,brown_spot
202221.jpg,normal
202222.jpg,normal
202223.jpg,brown_spot
202224.jpg,hispa
202225.jpg,normal
202226.jpg,normal
202227.jpg,brown_spot
202228.jpg,dead_heart
202229.jpg,bacterial_leaf_blight
202230.jpg,normal
202231.jpg,normal
202232.jpg,normal
202233.jpg,brown_spot
202234.jpg,normal
202235.jpg,normal
202236.jpg,normal
202237.jpg,normal
202238.jpg,normal
202239.jpg,normal
202240.jpg,normal
202241.jpg,dead_heart
202242.jpg,hispa
202243.jpg,normal
202244.jpg,brown_spot
202245.jpg,normal
202246.jpg,brown_spot
202247.jpg,normal
202248.jpg,normal
202249.jpg,normal
202250.jpg,normal
202251.jpg,brown_spot
202252.jpg,normal
202253.jpg,normal
202254.jpg,normal
202255.jpg,normal
202256.jpg,normal
202257.jpg,normal
202258.jpg,normal
202259.jpg,dead_heart
202260.jpg,brown_spot
202261.jpg,normal
202262.jpg,normal
202263.jpg,normal
202264.jpg,normal
202265.jpg,normal
202266.jpg,normal
202267.jpg,normal
202268.jpg,normal
202269.jpg,normal
202270.jpg,normal
202271.jpg,bacterial_leaf_blight
202272.jpg,brown_spot
202273.jpg,normal
202274.jpg,normal
202275.jpg,normal
202276.jpg,normal
202277.jpg,hispa
202278.jpg,normal
202279.jpg,normal
202280.jpg,normal
202281.jpg,normal
202282.jpg,normal
202283.jpg,normal
202284.jpg,normal
202285.jpg,normal
202286.jpg,dead_heart
202287.jpg,brown_spot
202288.jpg,brown_spot
202289.jpg,normal
202290.jpg,normal
202291.jpg,normal
202292.jpg,normal
202293.jpg,hispa
202294.jpg,normal
202295.jpg,normal
202296.jpg,normal
202297.jpg,brown_spot
202298.jpg,normal
202299.jpg,normal
202300.jpg,dead_heart
202301.jpg,normal
202302.jpg,normal
202303.jpg,normal
202304.jpg,normal
202305.jpg,normal
202306.jpg,normal
202307.jpg,normal
202308.jpg,normal
202309.jpg,hispa
202310.jpg,normal
202311.jpg,normal
202312.jpg,brown_spot
202313.jpg,normal
202314.jpg,normal
202315.jpg,normal
202316.jpg,normal
202317.jpg,dead_heart
202318.jpg,normal
202319.jpg,dead_heart
202320.jpg,normal
202321.jpg,normal
202322.jpg,brown_spot
202323.jpg,normal
202324.jpg,normal
202325.jpg,normal
202326.jpg,normal
202327.jpg,brown_spot
202328.jpg,normal
202329.jpg,normal
202330.jpg,dead_heart
202331.jpg,normal
202332.jpg,dead_heart
202333.jpg,normal
202334.jpg,tungro
202335.jpg,normal
202336.jpg,normal
202337.jpg,normal
202338.jpg,brown_spot
202339.jpg,normal
202340.jpg,blast
202341.jpg,bacterial_leaf_streak
202342.jpg,normal
202343.jpg,normal
202344.jpg,dead_heart
202345.jpg,normal
202346.jpg,normal
202347.jpg,hispa
202348.jpg,hispa
202349.jpg,brown_spot
202350.jpg,normal
202351.jpg,normal
202352.jpg,normal
202353.jpg,normal
202354.jpg,brown_spot
202355.jpg,normal
202356.jpg,normal
202357.jpg,normal
202358.jpg,normal
202359.jpg,hispa
202360.jpg,normal
202361.jpg,normal
202362.jpg,normal
202363.jpg,normal
202364.jpg,normal
202365.jpg,normal
202366.jpg,normal
202367.jpg,normal
202368.jpg,brown_spot
202369.jpg,normal
202370.jpg,normal
202371.jpg,normal
202372.jpg,normal
202373.jpg,normal
202374.jpg,normal
202375.jpg,normal
202376.jpg,normal
202377.jpg,normal
202378.jpg,normal
202379.jpg,normal
202380.jpg,normal
202381.jpg,normal
202382.jpg,normal
202383.jpg,hispa
202384.jpg,normal
202385.jpg,normal
202386.jpg,dead_heart
202387.jpg,normal
202388.jpg,normal
202389.jpg,normal
202390.jpg,hispa
202391.jpg,dead_heart
202392.jpg,normal
202393.jpg,dead_heart
202394.jpg,normal
202395.jpg,normal
202396.jpg,brown_spot
202397.jpg,brown_spot
202398.jpg,normal
202399.jpg,dead_heart
202400.jpg,normal
202401.jpg,normal
202402.jpg,dead_heart
202403.jpg,normal
202404.jpg,normal
202405.jpg,normal
202406.jpg,blast
202407.jpg,normal
202408.jpg,dead_heart
202409.jpg,normal
202410.jpg,normal
202411.jpg,normal
202412.jpg,normal
202413.jpg,normal
202414.jpg,normal
202415.jpg,normal
202416.jpg,normal
202417.jpg,normal
202418.jpg,normal
202419.jpg,normal
202420.jpg,normal
202421.jpg,normal
202422.jpg,normal
202423.jpg,brown_spot
202424.jpg,normal
202425.jpg,normal
202426.jpg,normal
202427.jpg,normal
202428.jpg,brown_spot
202429.jpg,normal
202430.jpg,brown_spot
202431.jpg,normal
202432.jpg,normal
202433.jpg,normal
202434.jpg,normal
202435.jpg,brown_spot
202436.jpg,normal
202437.jpg,brown_spot
202438.jpg,hispa
202439.jpg,brown_spot
202440.jpg,brown_spot
202441.jpg,normal
202442.jpg,tungro
202443.jpg,normal
202444.jpg,hispa
202445.jpg,normal
202446.jpg,normal
202447.jpg,normal
202448.jpg,normal
202449.jpg,bacterial_leaf_streak
202450.jpg,normal
202451.jpg,normal
202452.jpg,brown_spot
202453.jpg,normal
202454.jpg,normal
202455.jpg,normal
202456.jpg,normal
202457.jpg,normal
202458.jpg,normal
202459.jpg,normal
202460.jpg,normal
202461.jpg,normal
202462.jpg,normal
202463.jpg,normal
202464.jpg,dead_heart
202465.jpg,normal
202466.jpg,normal
202467.jpg,brown_spot
202468.jpg,hispa
202469.jpg,normal
202470.jpg,normal
202471.jpg,normal
202472.jpg,normal
202473.jpg,normal
202474.jpg,normal
202475.jpg,normal
202476.jpg,normal
202477.jpg,normal
202478.jpg,normal
202479.jpg,normal
202480.jpg,normal
202481.jpg,normal
202482.jpg,normal
202483.jpg,normal
202484.jpg,normal
202485.jpg,normal
202486.jpg,normal
202487.jpg,bacterial_leaf_blight
202488.jpg,normal
202489.jpg,dead_heart
202490.jpg,normal
202491.jpg,tungro
202492.jpg,normal
202493.jpg,normal
202494.jpg,normal
202495.jpg,normal
202496.jpg,normal
202497.jpg,normal
202498.jpg,brown_spot
202499.jpg,bacterial_leaf_blight
202500.jpg,normal
202501.jpg,normal
202502.jpg,brown_spot
202503.jpg,brown_spot
202504.jpg,normal
202505.jpg,normal
202506.jpg,bacterial_leaf_blight
202507.jpg,blast
202508.jpg,normal
202509.jpg,bacterial_leaf_blight
202510.jpg,normal
202511.jpg,normal
202512.jpg,tungro
202513.jpg,bacterial_leaf_blight
202514.jpg,normal
202515.jpg,normal
202516.jpg,normal
202517.jpg,normal
202518.jpg,hispa
202519.jpg,normal
202520.jpg,normal
202521.jpg,tungro
202522.jpg,normal
202523.jpg,normal
202524.jpg,brown_spot
202525.jpg,normal
202526.jpg,tungro
202527.jpg,normal
202528.jpg,normal
202529.jpg,normal
202530.jpg,normal
202531.jpg,hispa
202532.jpg,normal
202533.jpg,normal
202534.jpg,normal
202535.jpg,normal
202536.jpg,normal
202537.jpg,brown_spot
202538.jpg,normal
202539.jpg,normal
202540.jpg,normal
202541.jpg,normal
202542.jpg,normal
202543.jpg,normal
202544.jpg,normal
202545.jpg,normal
202546.jpg,normal
202547.jpg,normal
202548.jpg,dead_heart
202549.jpg,normal
202550.jpg,normal
202551.jpg,normal
202552.jpg,brown_spot
202553.jpg,normal
202554.jpg,normal
202555.jpg,normal
202556.jpg,normal
202557.jpg,normal
202558.jpg,hispa
202559.jpg,normal
202560.jpg,normal
202561.jpg,normal
202562.jpg,normal
202563.jpg,normal
202564.jpg,normal
202565.jpg,normal
202566.jpg,brown_spot
202567.jpg,normal
202568.jpg,normal
202569.jpg,normal
202570.jpg,normal
202571.jpg,normal
202572.jpg,normal
202573.jpg,brown_spot
202574.jpg,normal
202575.jpg,normal
202576.jpg,dead_heart
202577.jpg,normal
202578.jpg,normal
202579.jpg,normal
202580.jpg,normal
202581.jpg,normal
202582.jpg,normal
202583.jpg,normal
202584.jpg,normal
202585.jpg,normal
202586.jpg,normal
202587.jpg,normal
202588.jpg,normal
202589.jpg,normal
202590.jpg,blast
202591.jpg,normal
202592.jpg,normal
202593.jpg,normal
202594.jpg,brown_spot
202595.jpg,normal
202596.jpg,normal
202597.jpg,normal
202598.jpg,normal
202599.jpg,hispa
202600.jpg,hispa
202601.jpg,brown_spot
202602.jpg,hispa
202603.jpg,normal
202604.jpg,normal
202605.jpg,normal
202606.jpg,brown_spot
202607.jpg,hispa
202608.jpg,hispa
202609.jpg,normal
202610.jpg,normal
202611.jpg,hispa
202612.jpg,normal
202613.jpg,normal
202614.jpg,normal
202615.jpg,brown_spot
202616.jpg,normal
202617.jpg,normal
202618.jpg,brown_spot
202619.jpg,bacterial_leaf_blight
202620.jpg,hispa
202621.jpg,normal
202622.jpg,dead_heart
202623.jpg,normal
202624.jpg,normal
202625.jpg,normal
202626.jpg,brown_spot
202627.jpg,normal
202628.jpg,normal
202629.jpg,normal
202630.jpg,normal
202631.jpg,normal
202632.jpg,dead_heart
202633.jpg,brown_spot
202634.jpg,dead_heart
202635.jpg,brown_spot
202636.jpg,normal
202637.jpg,normal
202638.jpg,dead_heart
202639.jpg,normal
202640.jpg,normal
202641.jpg,brown_spot
202642.jpg,brown_spot
202643.jpg,normal
202644.jpg,normal
202645.jpg,normal
202646.jpg,normal
202647.jpg,normal
202648.jpg,brown_spot
202649.jpg,normal
202650.jpg,normal
202651.jpg,normal
202652.jpg,normal
202653.jpg,normal
202654.jpg,normal
202655.jpg,normal
202656.jpg,normal
202657.jpg,brown_spot
202658.jpg,normal
202659.jpg,normal
202660.jpg,normal
202661.jpg,normal
202662.jpg,normal
202663.jpg,normal
202664.jpg,dead_heart
202665.jpg,normal
202666.jpg,normal
202667.jpg,normal
202668.jpg,brown_spot
202669.jpg,downy_mildew
202670.jpg,normal
202671.jpg,normal
202672.jpg,normal
202673.jpg,normal
202674.jpg,normal
202675.jpg,normal
202676.jpg,normal
202677.jpg,normal
202678.jpg,normal
202679.jpg,normal
202680.jpg,normal
202681.jpg,normal
202682.jpg,normal
202683.jpg,blast
202684.jpg,normal
202685.jpg,normal
202686.jpg,hispa
202687.jpg,normal
202688.jpg,normal
202689.jpg,normal
202690.jpg,normal
202691.jpg,brown_spot
202692.jpg,normal
202693.jpg,normal
202694.jpg,normal
202695.jpg,hispa
202696.jpg,normal
202697.jpg,brown_spot
202698.jpg,normal
202699.jpg,normal
202700.jpg,normal
202701.jpg,normal
202702.jpg,normal
202703.jpg,hispa
202704.jpg,normal
202705.jpg,dead_heart
202706.jpg,bacterial_leaf_streak
202707.jpg,normal
202708.jpg,normal
202709.jpg,normal
202710.jpg,normal
202711.jpg,normal
202712.jpg,normal
202713.jpg,brown_spot
202714.jpg,normal
202715.jpg,normal
202716.jpg,normal
202717.jpg,normal
202718.jpg,normal
202719.jpg,brown_spot
202720.jpg,normal
202721.jpg,brown_spot
202722.jpg,normal
202723.jpg,normal
202724.jpg,dead_heart
202725.jpg,normal
202726.jpg,normal
202727.jpg,normal
202728.jpg,brown_spot
202729.jpg,normal
202730.jpg,normal
202731.jpg,normal
202732.jpg,normal
202733.jpg,normal
202734.jpg,normal
202735.jpg,normal
202736.jpg,normal
202737.jpg,normal
202738.jpg,normal
202739.jpg,normal
202740.jpg,tungro
202741.jpg,normal
202742.jpg,dead_heart
202743.jpg,normal
202744.jpg,normal
202745.jpg,normal
202746.jpg,normal
202747.jpg,normal
202748.jpg,normal
202749.jpg,hispa
202750.jpg,blast
202751.jpg,normal
202752.jpg,normal
202753.jpg,dead_heart
202754.jpg,normal
202755.jpg,normal
202756.jpg,normal
202757.jpg,normal
202758.jpg,normal
202759.jpg,hispa
202760.jpg,normal
202761.jpg,normal
202762.jpg,normal
202763.jpg,brown_spot
202764.jpg,normal
202765.jpg,normal
202766.jpg,hispa
202767.jpg,normal
202768.jpg,normal
202769.jpg,hispa
202770.jpg,normal
202771.jpg,normal
202772.jpg,normal
202773.jpg,normal
202774.jpg,hispa
202775.jpg,brown_spot
202776.jpg,normal
202777.jpg,brown_spot
202778.jpg,normal
202779.jpg,normal
202780.jpg,downy_mildew
202781.jpg,normal
202782.jpg,normal
202783.jpg,normal
202784.jpg,normal
202785.jpg,normal
202786.jpg,brown_spot
202787.jpg,brown_spot
202788.jpg,dead_heart
202789.jpg,normal
202790.jpg,normal
202791.jpg,normal
202792.jpg,brown_spot
202793.jpg,normal
202794.jpg,normal
202795.jpg,normal
202796.jpg,normal
202797.jpg,normal
202798.jpg,normal
202799.jpg,brown_spot
202800.jpg,normal
202801.jpg,normal
202802.jpg,hispa
202803.jpg,normal
202804.jpg,normal
202805.jpg,normal
202806.jpg,normal
202807.jpg,bacterial_leaf_blight
202808.jpg,normal
202809.jpg,normal
202810.jpg,normal
202811.jpg,normal
202812.jpg,brown_spot
202813.jpg,normal
202814.jpg,normal
202815.jpg,normal
202816.jpg,normal
202817.jpg,normal
202818.jpg,normal
202819.jpg,normal
202820.jpg,normal
202821.jpg,brown_spot
202822.jpg,normal
202823.jpg,normal
202824.jpg,normal
202825.jpg,normal
202826.jpg,dead_heart
202827.jpg,normal
202828.jpg,normal
202829.jpg,normal
202830.jpg,normal
202831.jpg,normal
202832.jpg,normal
202833.jpg,brown_spot
202834.jpg,normal
202835.jpg,brown_spot
202836.jpg,normal
202837.jpg,normal
202838.jpg,normal
202839.jpg,normal
202840.jpg,normal
202841.jpg,normal
202842.jpg,normal
202843.jpg,normal
202844.jpg,normal
202845.jpg,normal
202846.jpg,normal
202847.jpg,normal
202848.jpg,normal
202849.jpg,normal
202850.jpg,normal
202851.jpg,dead_heart
202852.jpg,normal
202853.jpg,dead_heart
202854.jpg,brown_spot
202855.jpg,normal
202856.jpg,normal
202857.jpg,normal
202858.jpg,normal
202859.jpg,normal
202860.jpg,normal
202861.jpg,normal
202862.jpg,normal
202863.jpg,normal
202864.jpg,normal
202865.jpg,normal
202866.jpg,normal
202867.jpg,tungro
202868.jpg,normal
202869.jpg,dead_heart
202870.jpg,hispa
202871.jpg,normal
202872.jpg,normal
202873.jpg,hispa
202874.jpg,normal
202875.jpg,normal
202876.jpg,normal
202877.jpg,normal
202878.jpg,normal
202879.jpg,normal
202880.jpg,normal
202881.jpg,normal
202882.jpg,dead_heart
202883.jpg,normal
202884.jpg,normal
202885.jpg,normal
202886.jpg,normal
202887.jpg,normal
202888.jpg,hispa
202889.jpg,normal
202890.jpg,normal
202891.jpg,normal
202892.jpg,normal
202893.jpg,brown_spot
202894.jpg,normal
202895.jpg,normal
202896.jpg,dead_heart
202897.jpg,dead_heart
202898.jpg,normal
202899.jpg,blast
202900.jpg,normal
202901.jpg,dead_heart
202902.jpg,normal
202903.jpg,normal
202904.jpg,tungro
202905.jpg,normal
202906.jpg,normal
202907.jpg,normal
202908.jpg,normal
202909.jpg,brown_spot
202910.jpg,normal
202911.jpg,normal
202912.jpg,normal
202913.jpg,normal
202914.jpg,normal
202915.jpg,dead_heart
202916.jpg,hispa
202917.jpg,normal
202918.jpg,hispa
202919.jpg,normal
202920.jpg,normal
202921.jpg,normal
202922.jpg,normal
202923.jpg,normal
202924.jpg,normal
202925.jpg,dead_heart
202926.jpg,normal
202927.jpg,dead_heart
202928.jpg,normal
202929.jpg,normal
202930.jpg,normal
202931.jpg,normal
202932.jpg,brown_spot
202933.jpg,normal
202934.jpg,brown_spot
202935.jpg,normal
202936.jpg,normal
202937.jpg,normal
202938.jpg,tungro
202939.jpg,normal
202940.jpg,dead_heart
202941.jpg,brown_spot
202942.jpg,hispa
202943.jpg,normal
202944.jpg,normal
202945.jpg,normal
202946.jpg,normal
202947.jpg,hispa
202948.jpg,normal
202949.jpg,normal
202950.jpg,normal
202951.jpg,normal
202952.jpg,normal
202953.jpg,dead_heart
202954.jpg,normal
202955.jpg,normal
202956.jpg,normal
202957.jpg,normal
202958.jpg,normal
202959.jpg,normal
202960.jpg,bacterial_leaf_blight
202961.jpg,normal
202962.jpg,normal
202963.jpg,normal
202964.jpg,normal
202965.jpg,normal
202966.jpg,normal
202967.jpg,normal
202968.jpg,hispa
202969.jpg,blast
202970.jpg,normal
202971.jpg,dead_heart
202972.jpg,normal
202973.jpg,normal
202974.jpg,blast
202975.jpg,normal
202976.jpg,normal
202977.jpg,normal
202978.jpg,dead_heart
202979.jpg,blast
202980.jpg,normal
202981.jpg,normal
202982.jpg,normal
202983.jpg,normal
202984.jpg,normal
202985.jpg,brown_spot
202986.jpg,normal
202987.jpg,normal
202988.jpg,dead_heart
202989.jpg,normal
202990.jpg,normal
202991.jpg,normal
202992.jpg,dead_heart
202993.jpg,normal
202994.jpg,normal
202995.jpg,normal
202996.jpg,brown_spot
202997.jpg,normal
202998.jpg,dead_heart
202999.jpg,normal
203000.jpg,normal
203001.jpg,normal
203002.jpg,normal
203003.jpg,normal
203004.jpg,normal
203005.jpg,dead_heart
203006.jpg,dead_heart
203007.jpg,normal
203008.jpg,normal
203009.jpg,hispa
203010.jpg,normal
203011.jpg,dead_heart
203012.jpg,normal
203013.jpg,normal
203014.jpg,normal
203015.jpg,normal
203016.jpg,brown_spot
203017.jpg,normal
203018.jpg,normal
203019.jpg,normal
203020.jpg,bacterial_leaf_blight
203021.jpg,normal
203022.jpg,normal
203023.jpg,normal
203024.jpg,normal
203025.jpg,normal
203026.jpg,hispa
203027.jpg,normal
203028.jpg,normal
203029.jpg,normal
203030.jpg,normal
203031.jpg,normal
203032.jpg,normal
203033.jpg,normal
203034.jpg,normal
203035.jpg,normal
203036.jpg,normal
203037.jpg,dead_heart
203038.jpg,dead_heart
203039.jpg,normal
203040.jpg,normal
203041.jpg,normal
203042.jpg,normal
203043.jpg,normal
203044.jpg,normal
203045.jpg,brown_spot
203046.jpg,normal
203047.jpg,normal
203048.jpg,normal
203049.jpg,normal
203050.jpg,normal
203051.jpg,brown_spot
203052.jpg,blast
203053.jpg,normal
203054.jpg,normal
203055.jpg,normal
203056.jpg,normal
203057.jpg,brown_spot
203058.jpg,normal
203059.jpg,normal
203060.jpg,normal
203061.jpg,normal
203062.jpg,normal
203063.jpg,normal
203064.jpg,normal
203065.jpg,hispa
203066.jpg,normal
203067.jpg,brown_spot
203068.jpg,normal
203069.jpg,normal
203070.jpg,normal
203071.jpg,normal
203072.jpg,normal
203073.jpg,normal
203074.jpg,normal
203075.jpg,normal
203076.jpg,normal
203077.jpg,normal
203078.jpg,normal
203079.jpg,hispa
203080.jpg,normal
203081.jpg,hispa
203082.jpg,normal
203083.jpg,hispa
203084.jpg,normal
203085.jpg,normal
203086.jpg,normal
203087.jpg,normal
203088.jpg,normal
203089.jpg,normal
203090.jpg,normal
203091.jpg,dead_heart
203092.jpg,normal
203093.jpg,normal
203094.jpg,normal
203095.jpg,normal
203096.jpg,normal
203097.jpg,brown_spot
203098.jpg,normal
203099.jpg,bacterial_panicle_blight
203100.jpg,normal
203101.jpg,normal
203102.jpg,blast
203103.jpg,brown_spot
203104.jpg,normal
203105.jpg,normal
203106.jpg,normal
203107.jpg,dead_heart
203108.jpg,normal
203109.jpg,normal
203110.jpg,normal
203111.jpg,normal
203112.jpg,normal
203113.jpg,normal
203114.jpg,normal
203115.jpg,normal
203116.jpg,normal
203117.jpg,normal
203118.jpg,dead_heart
203119.jpg,normal
203120.jpg,dead_heart
203121.jpg,normal
203122.jpg,normal
203123.jpg,normal
203124.jpg,normal
203125.jpg,normal
203126.jpg,normal
203127.jpg,normal
203128.jpg,normal
203129.jpg,normal
203130.jpg,normal
203131.jpg,normal
203132.jpg,normal
203133.jpg,normal
203134.jpg,normal
203135.jpg,normal
203136.jpg,normal
203137.jpg,brown_spot
203138.jpg,normal
203139.jpg,normal
203140.jpg,dead_heart
203141.jpg,normal
203142.jpg,normal
203143.jpg,brown_spot
203144.jpg,normal
203145.jpg,normal
203146.jpg,hispa
203147.jpg,normal
203148.jpg,bacterial_leaf_streak
203149.jpg,normal
203150.jpg,normal
203151.jpg,normal
203152.jpg,normal
203153.jpg,normal
203154.jpg,dead_heart
203155.jpg,normal
203156.jpg,normal
203157.jpg,normal
203158.jpg,normal
203159.jpg,normal
203160.jpg,normal
203161.jpg,normal
203162.jpg,normal
203163.jpg,hispa
203164.jpg,normal
203165.jpg,normal
203166.jpg,normal
203167.jpg,normal
203168.jpg,normal
203169.jpg,normal
203170.jpg,normal
203171.jpg,normal
203172.jpg,normal
203173.jpg,normal
203174.jpg,dead_heart
203175.jpg,normal
203176.jpg,normal
203177.jpg,normal
203178.jpg,normal
203179.jpg,normal
203180.jpg,normal
203181.jpg,normal
203182.jpg,normal
203183.jpg,hispa
203184.jpg,blast
203185.jpg,normal
203186.jpg,normal
203187.jpg,normal
203188.jpg,normal
203189.jpg,normal
203190.jpg,normal
203191.jpg,normal
203192.jpg,normal
203193.jpg,hispa
203194.jpg,normal
203195.jpg,normal
203196.jpg,blast
203197.jpg,dead_heart
203198.jpg,normal
203199.jpg,normal
203200.jpg,normal
203201.jpg,hispa
203202.jpg,normal
203203.jpg,dead_heart
203204.jpg,normal
203205.jpg,normal
203206.jpg,normal
203207.jpg,normal
203208.jpg,normal
203209.jpg,brown_spot
203210.jpg,normal
203211.jpg,normal
203212.jpg,normal
203213.jpg,normal
203214.jpg,normal
203215.jpg,normal
203216.jpg,normal
203217.jpg,blast
203218.jpg,normal
203219.jpg,dead_heart
203220.jpg,normal
203221.jpg,normal
203222.jpg,normal
203223.jpg,normal
203224.jpg,normal
203225.jpg,dead_heart
203226.jpg,normal
203227.jpg,normal
203228.jpg,normal
203229.jpg,normal
203230.jpg,normal
203231.jpg,normal
203232.jpg,normal
203233.jpg,normal
203234.jpg,normal
203235.jpg,normal
203236.jpg,dead_heart
203237.jpg,brown_spot
203238.jpg,normal
203239.jpg,normal
203240.jpg,normal
203241.jpg,normal
203242.jpg,normal
203243.jpg,brown_spot
203244.jpg,normal
203245.jpg,normal
203246.jpg,normal
203247.jpg,normal
203248.jpg,normal
203249.jpg,normal
203250.jpg,normal
203251.jpg,normal
203252.jpg,dead_heart
203253.jpg,normal
203254.jpg,brown_spot
203255.jpg,normal
203256.jpg,normal
203257.jpg,brown_spot
203258.jpg,blast
203259.jpg,tungro
203260.jpg,hispa
203261.jpg,normal
203262.jpg,normal
203263.jpg,blast
203264.jpg,normal
203265.jpg,dead_heart
203266.jpg,normal
203267.jpg,normal
203268.jpg,normal
203269.jpg,normal
203270.jpg,normal
203271.jpg,hispa
203272.jpg,normal
203273.jpg,normal
203274.jpg,hispa
203275.jpg,brown_spot
203276.jpg,normal
203277.jpg,brown_spot
203278.jpg,normal
203279.jpg,normal
203280.jpg,normal
203281.jpg,normal
203282.jpg,normal
203283.jpg,normal
203284.jpg,normal
203285.jpg,normal
203286.jpg,normal
203287.jpg,normal
203288.jpg,dead_heart
203289.jpg,normal
203290.jpg,normal
203291.jpg,bacterial_leaf_blight
203292.jpg,normal
203293.jpg,normal
203294.jpg,dead_heart
203295.jpg,normal
203296.jpg,dead_heart
203297.jpg,normal
203298.jpg,bacterial_leaf_blight
203299.jpg,tungro
203300.jpg,normal
203301.jpg,normal
203302.jpg,normal
203303.jpg,dead_heart
203304.jpg,blast
203305.jpg,normal
203306.jpg,normal
203307.jpg,normal
203308.jpg,normal
203309.jpg,normal
203310.jpg,dead_heart
203311.jpg,normal
203312.jpg,normal
203313.jpg,normal
203314.jpg,normal
203315.jpg,normal
203316.jpg,hispa
203317.jpg,normal
203318.jpg,hispa
203319.jpg,brown_spot
203320.jpg,hispa
203321.jpg,bacterial_leaf_blight
203322.jpg,normal
203323.jpg,normal
203324.jpg,bacterial_leaf_streak
203325.jpg,normal
203326.jpg,dead_heart
203327.jpg,normal
203328.jpg,brown_spot
203329.jpg,dead_heart
203330.jpg,normal
203331.jpg,normal
203332.jpg,normal
203333.jpg,normal
203334.jpg,normal
203335.jpg,normal
203336.jpg,normal
203337.jpg,normal
203338.jpg,normal
203339.jpg,normal
203340.jpg,brown_spot
203341.jpg,normal
203342.jpg,normal
203343.jpg,normal
203344.jpg,normal
203345.jpg,normal
203346.jpg,normal
203347.jpg,normal
203348.jpg,dead_heart
203349.jpg,normal
203350.jpg,normal
203351.jpg,normal
203352.jpg,blast
203353.jpg,normal
203354.jpg,brown_spot
203355.jpg,normal
203356.jpg,normal
203357.jpg,normal
203358.jpg,normal
203359.jpg,normal
203360.jpg,normal
203361.jpg,hispa
203362.jpg,normal
203363.jpg,normal
203364.jpg,normal
203365.jpg,normal
203366.jpg,dead_heart
203367.jpg,hispa
203368.jpg,normal
203369.jpg,brown_spot
203370.jpg,tungro
203371.jpg,normal
203372.jpg,hispa
203373.jpg,normal
203374.jpg,blast
203375.jpg,normal
203376.jpg,normal
203377.jpg,brown_spot
203378.jpg,normal
203379.jpg,dead_heart
203380.jpg,normal
203381.jpg,tungro
203382.jpg,normal
203383.jpg,dead_heart
203384.jpg,normal
203385.jpg,brown_spot
203386.jpg,normal
203387.jpg,normal
203388.jpg,tungro
203389.jpg,normal
203390.jpg,normal
203391.jpg,normal
203392.jpg,normal
203393.jpg,normal
203394.jpg,normal
203395.jpg,normal
203396.jpg,normal
203397.jpg,normal
203398.jpg,normal
203399.jpg,normal
203400.jpg,normal
203401.jpg,normal
203402.jpg,brown_spot
203403.jpg,normal
203404.jpg,normal
203405.jpg,brown_spot
203406.jpg,normal
203407.jpg,normal
203408.jpg,hispa
203409.jpg,normal
203410.jpg,hispa
203411.jpg,brown_spot
203412.jpg,hispa
203413.jpg,normal
203414.jpg,normal
203415.jpg,normal
203416.jpg,normal
203417.jpg,normal
203418.jpg,normal
203419.jpg,normal
203420.jpg,normal
203421.jpg,normal
203422.jpg,normal
203423.jpg,normal
203424.jpg,normal
203425.jpg,normal
203426.jpg,normal
203427.jpg,normal
203428.jpg,normal
203429.jpg,normal
203430.jpg,normal
203431.jpg,brown_spot
203432.jpg,bacterial_leaf_blight
203433.jpg,normal
203434.jpg,tungro
203435.jpg,normal
203436.jpg,normal
203437.jpg,normal
203438.jpg,normal
203439.jpg,brown_spot
203440.jpg,brown_spot
203441.jpg,brown_spot
203442.jpg,bacterial_panicle_blight
203443.jpg,normal
203444.jpg,normal
203445.jpg,normal
203446.jpg,normal
203447.jpg,normal
203448.jpg,normal
203449.jpg,normal
203450.jpg,normal
203451.jpg,normal
203452.jpg,normal
203453.jpg,normal
203454.jpg,hispa
203455.jpg,normal
203456.jpg,normal
203457.jpg,normal
203458.jpg,normal
203459.jpg,normal
203460.jpg,normal
203461.jpg,normal
203462.jpg,normal
203463.jpg,normal
203464.jpg,normal
203465.jpg,normal
203466.jpg,hispa
203467.jpg,normal
203468.jpg,normal
203469.jpg,dead_heart
